{"cameraMode":{"drawMode":0,"name":"Shaded","section":"Shading Mode"},"sceneLighting":false,"audioPlay":false,"sceneViewState":{"m_AlwaysRefresh":false,"showFog":true,"showSkybox":true,"showFlares":true,"showImageEffects":true,"showParticleSystems":true,"showVisualEffectGraphs":true,"m_FxEnabled":true},"in2DMode":false,"pivot":{"x":76.63510131835938,"y":36.89127731323242,"z":-301.8151550292969},"rotation":{"x":-0.04343463107943535,"y":-0.04851952940225601,"z":-0.002091663656756282,"w":0.9978575110435486},"size":0.8660253882408142,"orthographic":false}